Filename,Last Modified
annoying-beeping.org,2024-03-19 22:03:19
auto-tangle-config.org,2024-03-19 22:01:16
automatic-pair-parentheses.org,2024-03-19 22:01:16
backup-file.org,2024-03-19 22:01:16
buffer-move.org,2024-03-19 22:01:16
centered-window-mode.org,2024-03-19 22:01:16
company-mode.org,2024-03-19 22:01:16
cursor.org,2024-03-19 22:01:16
dashboard.org,2024-03-19 22:01:16
diminish.org,2024-03-19 22:01:16
dired.org,2024-03-19 22:01:16
drag-stuff.org,2024-03-19 22:01:16
elpaca.org,2024-03-19 22:01:16
evil-mode.org,2024-05-12 00:34:49
flycheck.org,2024-03-19 22:01:16
fonts.org,2024-03-20 23:10:46
general-keybindings.org,2024-05-05 12:59:50
git.org,2024-03-19 22:01:16
grep.org,2024-03-19 22:03:42
gui-tweaks.org,2024-03-19 22:01:16
hook-daemon-and-client.org,2024-03-19 22:01:16
image.org,2024-03-19 22:01:16
ivy-counsel.org,2024-03-19 22:01:16
lsp.org,2024-05-12 00:12:25
modeline.org,2024-03-19 22:01:16
neotree.org,2024-03-19 22:01:16
nerd-icons.org,2024-03-19 22:01:16
org-mode.org,2024-03-19 22:01:16
rainbow-delimiters.org,2024-03-19 22:01:16
rainbow-mode.org,2024-03-19 22:01:16
recentf.org,2024-03-19 22:01:16
reload-emacs.org,2024-03-19 22:01:16
runtime-performance.org,2024-03-19 22:01:16
shields-and-terminal.org,2024-03-19 22:01:16
space-only.org,2024-04-21 13:22:44
startup-performance.org,2024-03-19 22:01:16
theme.org,2024-03-19 22:11:00
tree-sitter.org,2024-03-19 22:01:16
treemacs.org,2024-03-19 22:01:16
which-key.org,2024-03-19 22:01:16
yasnippet.org,2024-03-19 22:01:16
